[{"Filename": "../RentML/dataset/training/Osobowy\\20210824_105026.jpg", "Date": "2021-08-24", "Time": "10:50:26", "Mileage": "[250284]", "Type": "car"}, {"Filename": "../RentML/dataset/training/Osobowy\\20211029_175536.jpg", "Date": "2021-10-29", "Time": "17:55:36", "Mileage": "[254410]", "Type": "car"}, {"Filename": "../RentML/dataset/training/Osobowy\\20211230_185110.jpg", "Date": "2021-12-30", "Time": "18:51:10", "Mileage": "[256163]", "Type": "car"}, {"Filename": "../RentML/dataset/training/Osobowy\\20220130_174758.jpg", "Date": "2022-01-30", "Time": "17:47:58", "Mileage": "[257050]", "Type": "car"}, {"Filename": "../RentML/dataset/training/Osobowy\\20220201_084013.jpg", "Date": "2022-02-01", "Time": "08:40:13", "Mileage": "[257050]", "Type": "car"}, {"Filename": "../RentML/dataset/training/Osobowy\\20220624_175204.jpg", "Date": "2022-06-24", "Time": "17:52:04", "Mileage": "[283924]", "Type": "car"}, {"Filename": "../RentML/dataset/training/Osobowy\\20220719_190548.jpg", "Date": "2022-07-19", "Time": "19:05:48", "Mileage": "[286706]", "Type": "car"}, {"Filename": "../RentML/dataset/training/Osobowy\\20220725_221323.jpg", "Date": "2022-07-25", "Time": "22:13:23", "Mileage": "[288588]", "Type": "car"}, {"Filename": "../RentML/dataset/training/Osobowy\\20220731_205750.jpg", "Date": "2022-07-31", "Time": "20:57:50", "Mileage": "[288524]", "Type": "car"}, {"Filename": "../RentML/dataset/training/Osobowy\\20220820_184423.jpg", "Date": "2022-08-20", "Time": "18:44:23", "Mileage": "[289310]", "Type": "car"}, {"Filename": "../RentML/dataset/training/Osobowy\\20220905_111137.jpg", "Date": "2022-09-05", "Time": "11:11:37", "Mileage": "[291624]", "Type": "car"}, {"Filename": "../RentML/dataset/training/Osobowy\\20220927_163414.jpg", "Date": "2022-09-27", "Time": "16:34:14", "Mileage": "[293068]", "Type": "car"}, {"Filename": "../RentML/dataset/training/Osobowy\\20221025_172929.jpg", "Date": "2022-10-25", "Time": "17:29:29", "Mileage": "[295843]", "Type": "car"}, {"Filename": "../RentML/dataset/training/Osobowy\\20221111_221845.jpg", "Date": "2022-11-11", "Time": "22:18:45", "Mileage": "[298137]", "Type": "car"}, {"Filename": "../RentML/dataset/training/Osobowy\\20221113_123117.jpg", "Date": "2022-11-13", "Time": "12:31:17", "Mileage": "[298418]", "Type": "car"}, {"Filename": "../RentML/dataset/training/Osobowy\\20221124_085205.jpg", "Date": "2022-11-24", "Time": "08:52:05", "Mileage": "[300078]", "Type": "car"}, {"Filename": "../RentML/dataset/training/Osobowy\\20221128_194118.jpg", "Date": "2022-11-28", "Time": "19:41:18", "Mileage": "[300296]", "Type": "car"}, {"Filename": "../RentML/dataset/training/Osobowy\\20230225_114622.jpg", "Date": "2023-02-25", "Time": "11:46:22", "Mileage": "[306414]", "Type": "car"}, {"Filename": "../RentML/dataset/training/Osobowy\\20230303_091305.jpg", "Date": "2023-03-03", "Time": "09:13:05", "Mileage": "[306785]", "Type": "car"}, {"Filename": "../RentML/dataset/training/Osobowy\\20230406_170928.jpg", "Date": "2023-04-06", "Time": "17:09:28", "Mileage": "[307526]", "Type": "car"}, {"Filename": "../RentML/dataset/training/Osobowy\\20230412_121813.jpg", "Date": "2023-04-12", "Time": "12:18:13", "Mileage": "[307800]", "Type": "car"}, {"Filename": "../RentML/dataset/training/Osobowy\\20230418_165728.jpg", "Date": "2023-04-18", "Time": "16:57:28", "Mileage": "[307800]", "Type": "car"}, {"Filename": "../RentML/dataset/training/Osobowy\\20230501_120055.jpg", "Date": "2023-05-01", "Time": "12:00:55", "Mileage": "[307880]", "Type": "car"}, {"Filename": "../RentML/dataset/training/Osobowy\\20230519_165754.jpg", "Date": "2023-05-19", "Time": "16:57:54", "Mileage": "[307864]", "Type": "car"}, {"Filename": "../RentML/dataset/training/Osobowy\\20230616_202237.jpg", "Date": "2023-06-16", "Time": "20:22:37", "Mileage": "[309058]", "Type": "car"}, {"Filename": "../RentML/dataset/training/Osobowy\\20230623_105746.jpg", "Date": "2023-06-23", "Time": "10:57:46", "Mileage": "[310541]", "Type": "car"}, {"Filename": "../RentML/dataset/training/Osobowy\\20230630_095227.jpg", "Date": "2023-06-30", "Time": "09:52:27", "Mileage": "[310661]", "Type": "car"}, {"Filename": "../RentML/dataset/training/Osobowy\\20230630_204517.jpg", "Date": "2023-06-30", "Time": "20:45:17", "Mileage": "[311423]", "Type": "car"}, {"Filename": "../RentML/dataset/training/Osobowy\\20230706_214847.jpg", "Date": "2023-07-06", "Time": "21:48:47", "Mileage": "[311443]", "Type": "car"}, {"Filename": "../RentML/dataset/training/Osobowy\\20230716_211409.jpg", "Date": "2023-07-16", "Time": "21:14:09", "Mileage": "[311796]", "Type": "car"}, {"Filename": "../RentML/dataset/training/Osobowy\\20230731_203109.jpg", "Date": "2023-07-31", "Time": "20:31:09", "Mileage": "[315620]", "Type": "car"}, {"Filename": "../RentML/dataset/training/Osobowy\\20230811_090455.jpg", "Date": "2023-08-11", "Time": "09:04:55", "Mileage": "[317107]", "Type": "car"}, {"Filename": "../RentML/dataset/training/Osobowy\\20230816_211938.jpg", "Date": "2023-08-16", "Time": "21:19:38", "Mileage": "[317792]", "Type": "car"}, {"Filename": "../RentML/dataset/training/Osobowy\\20230828_160110.jpg", "Date": "2023-08-28", "Time": "16:01:10", "Mileage": "[318709]", "Type": "car"}, {"Filename": "../RentML/dataset/training/Osobowy\\20230914_224922.jpg", "Date": "2023-09-14", "Time": "22:49:22", "Mileage": "[321617]", "Type": "car"}, {"Filename": "../RentML/dataset/training/Osobowy\\20230930_123824.jpg", "Date": "2023-09-30", "Time": "12:38:24", "Mileage": "[321935]", "Type": "car"}, {"Filename": "../RentML/dataset/training/Dostawczy\\20210905_121759.jpg", "Date": "2021-09-05", "Time": "12:17:59", "Mileage": "[272756]", "Type": "truck"}, {"Filename": "../RentML/dataset/training/Dostawczy\\20210913_100340.jpg", "Date": "2021-09-13", "Time": "10:03:40", "Mileage": "[275633]", "Type": "truck"}, {"Filename": "../RentML/dataset/training/Dostawczy\\20210913_174939.jpg", "Date": "2021-09-13", "Time": "17:49:39", "Mileage": "[275727]", "Type": "truck"}, {"Filename": "../RentML/dataset/training/Dostawczy\\20210915_202008.jpg", "Date": "2021-09-15", "Time": "20:20:08", "Mileage": "[276400]", "Type": "truck"}, {"Filename": "../RentML/dataset/training/Dostawczy\\20211103_214456.jpg", "Date": "2021-11-03", "Time": "21:44:56", "Mileage": "[280505]", "Type": "truck"}, {"Filename": "../RentML/dataset/training/Dostawczy\\20211129_203120.jpg", "Date": "2021-11-29", "Time": "20:31:20", "Mileage": "[281315]", "Type": "truck"}, {"Filename": "../RentML/dataset/training/Dostawczy\\20220202_215404.jpg", "Date": "2022-02-02", "Time": "21:54:04", "Mileage": "[285678]", "Type": "truck"}, {"Filename": "../RentML/dataset/training/Dostawczy\\20220207_092222.jpg", "Date": "2022-02-07", "Time": "09:22:22", "Mileage": "[285678]", "Type": "truck"}, {"Filename": "../RentML/dataset/training/Dostawczy\\20220208_140547.jpg", "Date": "2022-02-08", "Time": "14:05:47", "Mileage": "[286326]", "Type": "truck"}, {"Filename": "../RentML/dataset/training/Dostawczy\\20220211_170630.jpg", "Date": "2022-02-11", "Time": "17:06:30", "Mileage": "[286458]", "Type": "truck"}, {"Filename": "../RentML/dataset/training/Dostawczy\\20220212_193905.jpg", "Date": "2022-02-12", "Time": "19:39:05", "Mileage": "[286531]", "Type": "truck"}, {"Filename": "../RentML/dataset/training/Dostawczy\\20220217_160507.jpg", "Date": "2022-02-17", "Time": "16:05:07", "Mileage": "[286794]", "Type": "truck"}, {"Filename": "../RentML/dataset/training/Dostawczy\\20220224_143000.jpg", "Date": "2022-02-24", "Time": "14:30:00", "Mileage": "[286831]", "Type": "truck"}, {"Filename": "../RentML/dataset/training/Dostawczy\\20220224_174651.jpg", "Date": "2022-02-24", "Time": "17:46:51", "Mileage": "[286981]", "Type": "truck"}, {"Filename": "../RentML/dataset/training/Dostawczy\\20220425_213134.jpg", "Date": "2022-04-25", "Time": "21:31:34", "Mileage": "[342873]", "Type": "truck"}, {"Filename": "../RentML/dataset/training/Dostawczy\\20220428_110123.jpg", "Date": "2022-04-28", "Time": "11:01:23", "Mileage": "[287085]", "Type": "truck"}, {"Filename": "../RentML/dataset/training/Dostawczy\\20220428_110328.jpg", "Date": "2022-04-28", "Time": "11:03:28", "Mileage": "[342891]", "Type": "truck"}, {"Filename": "../RentML/dataset/training/Dostawczy\\20220428_140009.jpg", "Date": "2022-04-28", "Time": "14:00:09", "Mileage": "[287107]", "Type": "truck"}, {"Filename": "../RentML/dataset/training/Dostawczy\\20220505_152426.jpg", "Date": "2022-05-05", "Time": "15:24:26", "Mileage": "[342960]", "Type": "truck"}, {"Filename": "../RentML/dataset/training/Dostawczy\\20220510_180818.jpg", "Date": "2022-05-10", "Time": "18:08:18", "Mileage": "[287333]", "Type": "truck"}, {"Filename": "../RentML/dataset/training/Dostawczy\\20220511_200357.jpg", "Date": "2022-05-11", "Time": "20:03:57", "Mileage": "[287621]", "Type": "truck"}, {"Filename": "../RentML/dataset/training/Dostawczy\\20220512_142313.jpg", "Date": "2022-05-12", "Time": "14:23:13", "Mileage": "[287637]", "Type": "truck"}, {"Filename": "../RentML/dataset/training/Dostawczy\\20220516_182026.jpg", "Date": "2022-05-16", "Time": "18:20:26", "Mileage": "[287903]", "Type": "truck"}, {"Filename": "../RentML/dataset/training/Dostawczy\\20220518_200034.jpg", "Date": "2022-05-18", "Time": "20:00:34", "Mileage": "[288128]", "Type": "truck"}, {"Filename": "../RentML/dataset/training/Dostawczy\\20220522_165555.jpg", "Date": "2022-05-22", "Time": "16:55:55", "Mileage": "[288953]", "Type": "truck"}, {"Filename": "../RentML/dataset/training/Dostawczy\\20220524_092050.jpg", "Date": "2022-05-24", "Time": "09:20:50", "Mileage": "[288953]", "Type": "truck"}, {"Filename": "../RentML/dataset/training/Dostawczy\\20220525_224308.jpg", "Date": "2022-05-25", "Time": "22:43:08", "Mileage": "[289066]", "Type": "truck"}, {"Filename": "../RentML/dataset/training/Dostawczy\\20220525_224309.jpg", "Date": "2022-05-25", "Time": "22:43:09", "Mileage": "[289066]", "Type": "truck"}, {"Filename": "../RentML/dataset/training/Dostawczy\\20220526_141107.jpg", "Date": "2022-05-26", "Time": "14:11:07", "Mileage": "[289649]", "Type": "truck"}, {"Filename": "../RentML/dataset/training/Dostawczy\\20220527_161406.jpg", "Date": "2022-05-27", "Time": "16:14:06", "Mileage": "[289674]", "Type": "truck"}, {"Filename": "../RentML/dataset/training/Dostawczy\\20220608_120109.jpg", "Date": "2022-06-08", "Time": "12:01:09", "Mileage": "[289759]", "Type": "truck"}, {"Filename": "../RentML/dataset/training/Dostawczy\\20220614_193054.jpg", "Date": "2022-06-14", "Time": "19:30:54", "Mileage": "[289933]", "Type": "truck"}, {"Filename": "../RentML/dataset/training/Dostawczy\\20220615_100446.jpg", "Date": "2022-06-15", "Time": "10:04:46", "Mileage": "[289223]", "Type": "truck"}, {"Filename": "../RentML/dataset/training/Dostawczy\\20220615_184414.jpg", "Date": "2022-06-15", "Time": "18:44:14", "Mileage": "[290838]", "Type": "truck"}, {"Filename": "../RentML/dataset/training/Dostawczy\\20220621_130758.jpg", "Date": "2022-06-21", "Time": "13:07:58", "Mileage": "[290297]", "Type": "truck"}, {"Filename": "../RentML/dataset/training/Dostawczy\\20220624_100952.jpg", "Date": "2022-06-24", "Time": "10:09:52", "Mileage": "[290478]", "Type": "truck"}, {"Filename": "../RentML/dataset/training/Dostawczy\\20220710_202745.jpg", "Date": "2022-07-10", "Time": "20:27:45", "Mileage": "[291025]", "Type": "truck"}, {"Filename": "../RentML/dataset/training/Dostawczy\\20220715_220025.jpg", "Date": "2022-07-15", "Time": "22:00:25", "Mileage": "[292259]", "Type": "truck"}, {"Filename": "../RentML/dataset/training/Dostawczy\\20220726_162211.jpg", "Date": "2022-07-26", "Time": "16:22:11", "Mileage": "[293158]", "Type": "truck"}, {"Filename": "../RentML/dataset/training/Dostawczy\\20220728_083514.jpg", "Date": "2022-07-28", "Time": "08:35:14", "Mileage": "[293426]", "Type": "truck"}, {"Filename": "../RentML/dataset/training/Dostawczy\\20220802_123220.jpg", "Date": "2022-08-02", "Time": "12:32:20", "Mileage": "[293731]", "Type": "truck"}, {"Filename": "../RentML/dataset/training/Dostawczy\\20220822_153941.jpg", "Date": "2022-08-22", "Time": "15:39:41", "Mileage": "[294181]", "Type": "truck"}, {"Filename": "../RentML/dataset/training/Dostawczy\\20220828_155347.jpg", "Date": "2022-08-28", "Time": "15:53:47", "Mileage": "[294343]", "Type": "truck"}, {"Filename": "../RentML/dataset/training/Dostawczy\\20220829_174534.jpg", "Date": "2022-08-29", "Time": "17:45:34", "Mileage": "[294513]", "Type": "truck"}, {"Filename": "../RentML/dataset/training/Dostawczy\\20220830_170316.jpg", "Date": "2022-08-30", "Time": "17:03:16", "Mileage": "[294567]", "Type": "truck"}, {"Filename": "../RentML/dataset/training/Dostawczy\\20220910_125228.jpg", "Date": "2022-09-10", "Time": "12:52:28", "Mileage": "[294966]", "Type": "truck"}, {"Filename": "../RentML/dataset/training/Dostawczy\\20220913_140115.jpg", "Date": "2022-09-13", "Time": "14:01:15", "Mileage": "[294966]", "Type": "truck"}, {"Filename": "../RentML/dataset/training/Dostawczy\\20220916_174733.jpg", "Date": "2022-09-16", "Time": "17:47:33", "Mileage": "[294986]", "Type": "truck"}, {"Filename": "../RentML/dataset/training/Dostawczy\\20220925_140656.jpg", "Date": "2022-09-25", "Time": "14:06:56", "Mileage": "[295580]", "Type": "truck"}, {"Filename": "../RentML/dataset/training/Dostawczy\\20220925_141624.jpg", "Date": "2022-09-25", "Time": "14:16:24", "Mileage": "[295580]", "Type": "truck"}, {"Filename": "../RentML/dataset/training/Dostawczy\\20220926_150449.jpg", "Date": "2022-09-26", "Time": "15:04:49", "Mileage": "[295749]", "Type": "truck"}, {"Filename": "../RentML/dataset/training/Dostawczy\\20221002_120713.jpg", "Date": "2022-10-02", "Time": "12:07:13", "Mileage": "[296198]", "Type": "truck"}, {"Filename": "../RentML/dataset/training/Dostawczy\\20221015_211426.jpg", "Date": "2022-10-15", "Time": "21:14:26", "Mileage": "[296775]", "Type": "truck"}, {"Filename": "../RentML/dataset/training/Dostawczy\\20221016_100429.jpg", "Date": "2022-10-16", "Time": "10:04:29", "Mileage": "[296776]", "Type": "truck"}, {"Filename": "../RentML/dataset/training/Dostawczy\\20221103_205621.jpg", "Date": "2022-11-03", "Time": "20:56:21", "Mileage": "[368028]", "Type": "truck"}, {"Filename": "../RentML/dataset/training/Dostawczy\\20221111_221845.jpg", "Date": "2022-11-11", "Time": "22:18:45", "Mileage": "[298137]", "Type": "car"}, {"Filename": "../RentML/dataset/training/Dostawczy\\20221122_203451.jpg", "Date": "2022-11-22", "Time": "20:34:51", "Mileage": "[370209]", "Type": "truck"}, {"Filename": "../RentML/dataset/training/Dostawczy\\20221226_135212.jpg", "Date": "2022-12-26", "Time": "13:52:12", "Mileage": "[375124]", "Type": "truck"}, {"Filename": "../RentML/dataset/training/Dostawczy\\20230110_133837.jpg", "Date": "2023-01-10", "Time": "13:38:37", "Mileage": "[377244]", "Type": "truck"}, {"Filename": "../RentML/dataset/training/Dostawczy\\20230119_145338.jpg", "Date": "2023-01-19", "Time": "14:53:38", "Mileage": "[296990]", "Type": "truck"}, {"Filename": "../RentML/dataset/training/Dostawczy\\20230126_162303.jpg", "Date": "2023-01-26", "Time": "16:23:03", "Mileage": "[297844]", "Type": "truck"}, {"Filename": "../RentML/dataset/training/Dostawczy\\20230211_153843.jpg", "Date": "2023-02-11", "Time": "15:38:43", "Mileage": "[298866]", "Type": "truck"}, {"Filename": "../RentML/dataset/training/Dostawczy\\20230219_181325.jpg", "Date": "2023-02-19", "Time": "18:13:25", "Mileage": "[298866]", "Type": "truck"}, {"Filename": "../RentML/dataset/training/Dostawczy\\20230221_101257.jpg", "Date": "2023-02-21", "Time": "10:12:57", "Mileage": "[299489]", "Type": "truck"}, {"Filename": "../RentML/dataset/training/Dostawczy\\20230224_151615.jpg", "Date": "2023-02-24", "Time": "15:16:15", "Mileage": "[377504]", "Type": "truck"}, {"Filename": "../RentML/dataset/training/Dostawczy\\20230227_192224.jpg", "Date": "2023-02-27", "Time": "19:22:24", "Mileage": "[377917]", "Type": "truck"}, {"Filename": "../RentML/dataset/training/Dostawczy\\20230228_195723.jpg", "Date": "2023-02-28", "Time": "19:57:23", "Mileage": "[378275]", "Type": "truck"}, {"Filename": "../RentML/dataset/training/Dostawczy\\20230302_134323.jpg", "Date": "2023-03-02", "Time": "13:43:23", "Mileage": "[299700]", "Type": "truck"}, {"Filename": "../RentML/dataset/training/Dostawczy\\20230304_111943.jpg", "Date": "2023-03-04", "Time": "11:19:43", "Mileage": "[378328]", "Type": "truck"}, {"Filename": "../RentML/dataset/training/Dostawczy\\20230309_153306.jpg", "Date": "2023-03-09", "Time": "15:33:06", "Mileage": "[300143]", "Type": "truck"}, {"Filename": "../RentML/dataset/training/Dostawczy\\20230312_090149.jpg", "Date": "2023-03-12", "Time": "09:01:49", "Mileage": "[378439]", "Type": "truck"}, {"Filename": "../RentML/dataset/training/Dostawczy\\20230322_115427.jpg", "Date": "2023-03-22", "Time": "11:54:27", "Mileage": "[380843]", "Type": "truck"}, {"Filename": "../RentML/dataset/training/Dostawczy\\20230330_184906.jpg", "Date": "2023-03-30", "Time": "18:49:06", "Mileage": "[378842]", "Type": "truck"}, {"Filename": "../RentML/dataset/training/Dostawczy\\20230401_153028.jpg", "Date": "2023-04-01", "Time": "15:30:28", "Mileage": "[301426]", "Type": "truck"}, {"Filename": "../RentML/dataset/training/Dostawczy\\20230401_162920.jpg", "Date": "2023-04-01", "Time": "16:29:20", "Mileage": "[379295]", "Type": "truck"}, {"Filename": "../RentML/dataset/training/Dostawczy\\20230405_205253.jpg", "Date": "2023-04-05", "Time": "20:52:53", "Mileage": "[379542]", "Type": "truck"}, {"Filename": "../RentML/dataset/training/Dostawczy\\20230407_202840.jpg", "Date": "2023-04-07", "Time": "20:28:40", "Mileage": "[379543]", "Type": "truck"}, {"Filename": "../RentML/dataset/training/Dostawczy\\20230413_163416.jpg", "Date": "2023-04-13", "Time": "16:34:16", "Mileage": "[301622]", "Type": "truck"}, {"Filename": "../RentML/dataset/training/Dostawczy\\20230420_232524.jpg", "Date": "2023-04-20", "Time": "23:25:24", "Mileage": "[380675]", "Type": "truck"}, {"Filename": "../RentML/dataset/training/Dostawczy\\20230429_131110.jpg", "Date": "2023-04-29", "Time": "13:11:10", "Mileage": "[302485]", "Type": "truck"}, {"Filename": "../RentML/dataset/training/Dostawczy\\20230505_111807.jpg", "Date": "2023-05-05", "Time": "11:18:07", "Mileage": "[302405]", "Type": "truck"}, {"Filename": "../RentML/dataset/training/Dostawczy\\20230509_184148.jpg", "Date": "2023-05-09", "Time": "18:41:48", "Mileage": "[302524]", "Type": "truck"}, {"Filename": "../RentML/dataset/training/Dostawczy\\20230513_171500.jpg", "Date": "2023-05-13", "Time": "17:15:00", "Mileage": "[382989]", "Type": "truck"}, {"Filename": "../RentML/dataset/training/Dostawczy\\20230518_225155.jpg", "Date": "2023-05-18", "Time": "22:51:55", "Mileage": "[303136]", "Type": "truck"}, {"Filename": "../RentML/dataset/training/Dostawczy\\20230525_155550.jpg", "Date": "2023-05-25", "Time": "15:55:50", "Mileage": "[383136]", "Type": "truck"}, {"Filename": "../RentML/dataset/training/Dostawczy\\20230528_135712.jpg", "Date": "2023-05-28", "Time": "13:57:12", "Mileage": "[303495]", "Type": "truck"}, {"Filename": "../RentML/dataset/training/Dostawczy\\20230609_112627.jpg", "Date": "2023-06-09", "Time": "11:26:27", "Mileage": "[303527]", "Type": "truck"}, {"Filename": "../RentML/dataset/training/Dostawczy\\20230610_092233.jpg", "Date": "2023-06-10", "Time": "09:22:33", "Mileage": "[381275]", "Type": "truck"}, {"Filename": "../RentML/dataset/training/Dostawczy\\20230610_194956.jpg", "Date": "2023-06-10", "Time": "19:49:56", "Mileage": "[381427]", "Type": "truck"}, {"Filename": "../RentML/dataset/training/Dostawczy\\20230610_200621.jpg", "Date": "2023-06-10", "Time": "20:06:21", "Mileage": "[304085]", "Type": "truck"}, {"Filename": "../RentML/dataset/training/Dostawczy\\20230615_195944.jpg", "Date": "2023-06-15", "Time": "19:59:44", "Mileage": "[304566]", "Type": "truck"}, {"Filename": "../RentML/dataset/training/Dostawczy\\20230619_174421.jpg", "Date": "2023-06-19", "Time": "17:44:21", "Mileage": "[304699]", "Type": "truck"}, {"Filename": "../RentML/dataset/training/Dostawczy\\20230620_164351.jpg", "Date": "2023-06-20", "Time": "16:43:51", "Mileage": "[304926]", "Type": "truck"}, {"Filename": "../RentML/dataset/training/Dostawczy\\20230630_132011.jpg", "Date": "2023-06-30", "Time": "13:20:11", "Mileage": "[305059]", "Type": "truck"}, {"Filename": "../RentML/dataset/training/Dostawczy\\20230707_171239.jpg", "Date": "2023-07-07", "Time": "17:12:39", "Mileage": "[385506]", "Type": "truck"}, {"Filename": "../RentML/dataset/training/Dostawczy\\20230712_212254.jpg", "Date": "2023-07-12", "Time": "21:22:54", "Mileage": "[305786]", "Type": "truck"}, {"Filename": "../RentML/dataset/training/Dostawczy\\20230714_161108.jpg", "Date": "2023-07-14", "Time": "16:11:08", "Mileage": "[305786]", "Type": "truck"}, {"Filename": "../RentML/dataset/training/Dostawczy\\20230717_154107.jpg", "Date": "2023-07-17", "Time": "15:41:07", "Mileage": "[306877]", "Type": "truck"}, {"Filename": "../RentML/dataset/training/Dostawczy\\20230721_123836.jpg", "Date": "2023-07-21", "Time": "12:38:36", "Mileage": "[383036]", "Type": "truck"}, {"Filename": "../RentML/dataset/training/Dostawczy\\20230721_153325.jpg", "Date": "2023-07-21", "Time": "15:33:25", "Mileage": "[306979]", "Type": "truck"}, {"Filename": "../RentML/dataset/training/Dostawczy\\20230824_202509.jpg", "Date": "2023-08-24", "Time": "20:25:09", "Mileage": "[383192]", "Type": "truck"}, {"Filename": "../RentML/dataset/training/Dostawczy\\20230831_211115.jpg", "Date": "2023-08-31", "Time": "21:11:15", "Mileage": "[308398]", "Type": "truck"}, {"Filename": "../RentML/dataset/training/Dostawczy\\20230905_113011.jpg", "Date": "2023-09-05", "Time": "11:30:11", "Mileage": "[309303]", "Type": "truck"}, {"Filename": "../RentML/dataset/training/Dostawczy\\20230930_190634.jpg", "Date": "2023-09-30", "Time": "19:06:34", "Mileage": "[312260]", "Type": "truck"}, {"Filename": "../RentML/dataset/training/Dostawczy\\L3H2_20211230_163736.jpg", "Date": "2021-12-30", "Time": "16:37:36", "Mileage": "[327958]", "Type": "truck"}, {"Filename": "../RentML/dataset/training/Dostawczy\\L3H2_20221025_191003.jpg", "Date": "2022-10-25", "Time": "19:10:03", "Mileage": "[367512]", "Type": "truck"}, {"Filename": "../RentML/dataset/training/Dostawczy\\L3H2_20221111_143400.jpg", "Date": "2022-11-11", "Time": "14:34:00", "Mileage": "[369076]", "Type": "truck"}, {"Filename": "../RentML/dataset/training/Dostawczy\\L4H2_20210818_153321.jpg", "Date": "2021-08-18", "Time": "15:33:21", "Mileage": "[269895]", "Type": "truck"}, {"Filename": "../RentML/dataset/training/Dostawczy\\L4H2_20230630_132011.jpg", "Date": "2023-06-30", "Time": "13:20:11", "Mileage": "[305059]", "Type": "truck"}, {"Filename": "../RentML/dataset/training/Dostawczy\\L4H2_20230823_102637.jpg", "Date": "2023-08-23", "Time": "10:26:37", "Mileage": "[308248]", "Type": "truck"}, {"Filename": "../RentML/dataset/training/Dostawczy\\L4H2_20231108_201428.jpg", "Date": "2023-11-08", "Time": "20:14:28", "Mileage": "[312704]", "Type": "truck"}]